title,url
Sketchy LISP: Introduction to Functional Programming in Scheme,https://freecomputerbooks.com/Sketchy-LISP.html
Write Yourself a Scheme in 48 Hours,https://freecomputerbooks.com/Write-Yourself-a-Scheme-in-48-Hours.html
"The Scheme Programming Language, 4th Edition",https://freecomputerbooks.com/The-Scheme-Programming-Language-4th-Edition.html
Functional Programming in Scheme ,https://freecomputerbooks.com/Functional-Programming-Scheme.html
"Simply Scheme: Introducing Computer Science, 2nd Edition",https://freecomputerbooks.com/Simply-Scheme-Introducing-Computer-Science.html
Concrete Abstractions: Computer Science using Scheme,https://freecomputerbooks.com/Concrete-Abstractions-An-Introduction-to-Computer-Science-Using-Scheme.html
Software Design for Flexibility using Scheme,https://freecomputerbooks.com/Software-Design-for-Flexibility-How-to-Avoid-Programming-Yourself-into-a-Corner.html
Structure and Interpretation of Computer Programs in Scheme,https://freecomputerbooks.com/Structure-and-Interpretation-of-Computer-Programs.html
"The Scheme Programming Language, 3rd Edition ",https://freecomputerbooks.com/The-Scheme-Programming-Language-3rd-Edition.html
"The Scheme Programming Language, 2nd Edition",https://freecomputerbooks.com/The-Scheme-Programming-Language-2nd-Edition.html
Teach Yourself Scheme in Fixnum Days,https://freecomputerbooks.com/Teach-Yourself-Scheme-in-Fixnum-Days.html
Logic Programming in Scheme ,https://freecomputerbooks.com/Logic-Programming-in-Scheme.html
An Introduction to Scheme and its Implementation ,https://freecomputerbooks.com/An-Introduction-to-Scheme-and-its-Implementation.html
Schematics Scheme Cookbook,https://freecomputerbooks.com/Schematics-Scheme-Cookbook.html
Scheme 9 from Empty Space: A Guide to Implementing Scheme in C,https://freecomputerbooks.com/Scheme-9-from-Empty-Space.html
